Motif,General_Count,General_Frequency_%,Position12_Count,Position12_Frequency_%,Enrichment_Fold,Chi2,P_value,Significance
PD,8566,0.5703818282182527,9,0.8241758241758241,1.4449545609655348,0.8319562728799015,0.3617074616391708,ns
PT,2578,0.17166055955482784,2,0.18315018315018314,1.066932227327883,0.0,1.0,ns
PE,5527,0.3680247915669253,0,0.0,0.0,3.0917714613018386,0.078689099822498,ns
