Position,F_Count,Total_Count,F_Frequency_%,Background_%,Fold_Change,Enriched
1,0,1092,0.0,19.697802197802197,0.0,No
2,1064,1092,97.43589743589743,19.697802197802197,4.94653649465365,Yes
3,1069,1092,97.89377289377289,19.697802197802197,4.9697814969781495,Yes
4,1072,1092,98.16849816849816,19.697802197802197,4.98372849837285,Yes
5,1,1092,0.09157509157509157,19.697802197802197,0.004649000464900047,No
6,3,1092,0.27472527472527475,19.697802197802197,0.013947001394700141,No
7,0,1092,0.0,19.697802197802197,0.0,No
8,0,1092,0.0,19.697802197802197,0.0,No
9,0,1092,0.0,19.697802197802197,0.0,No
10,1,1092,0.09157509157509157,19.697802197802197,0.004649000464900047,No
11,1071,1092,98.07692307692307,19.697802197802197,4.979079497907949,Yes
12,10,1092,0.9157509157509158,19.697802197802197,0.04649000464900047,No
13,1,1092,0.09157509157509157,19.697802197802197,0.004649000464900047,No
14,0,1092,0.0,19.697802197802197,0.0,No
15,0,1092,0.0,19.697802197802197,0.0,No
16,0,1092,0.0,19.697802197802197,0.0,No
17,1,1092,0.09157509157509157,19.697802197802197,0.004649000464900047,No
18,2,1092,0.18315018315018314,19.697802197802197,0.009298000929800094,No
19,0,1092,0.0,19.697802197802197,0.0,No
20,7,1092,0.641025641025641,19.697802197802197,0.032543003254300325,No
